symbol,contract,expiry,put/call,strike,moneyness,bid,mid,ask,last,change,pctChange=,volume=,openInterest,volumeOpenInterestRatio,impliedVol,lastTrade
HYG|20210312|81.50C,HYG,2021-03-12-w,C,81.50,+5.35%,4.40,4.60,4.80,0.00,0.00,unch,0,0,0.00,50.30%,N/A
HYG|20210312|82.00C,HYG,2021-03-12-w,C,82.00,+4.77%,3.90,4.15,4.40,0.00,0.00,unch,0,0,0.00,33.59%,N/A
HYG|20210312|82.50C,HYG,2021-03-12-w,C,82.50,+4.19%,3.35,3.60,3.85,0.00,0.00,unch,0,0,0.00,45.06%,N/A
HYG|20210312|83.00C,HYG,2021-03-12-w,C,83.00,+3.61%,3.00,3.13,3.25,0.00,0.00,unch,0,0,0.00,23.56%,N/A
HYG|20210312|83.50C,HYG,2021-03-12-w,C,83.50,+3.03%,2.37,2.62,2.87,0.00,0.00,unch,0,0,0.00,19.59%,N/A
HYG|20210312|84.00C,HYG,2021-03-12-w,C,84.00,+2.45%,1.91,2.10,2.29,2.58,2.58,unch,2,1,2.00,28.67%,03/04/21
HYG|20210312|84.50C,HYG,2021-03-12-w,C,84.50,+1.87%,1.43,1.63,1.82,0.00,0.00,unch,0,0,0.00,13.91%,N/A
HYG|20210312|85.00C,HYG,2021-03-12-w,C,85.00,+1.29%,1.08,1.18,1.27,0.00,0.00,unch,0,0,0.00,13.88%,N/A
HYG|20210312|85.50C,HYG,2021-03-12-w,C,85.50,+0.71%,0.65,0.71,0.77,0.76,0.07,+10.14%,10,93,0.11,12.96%,03/09/21
HYG|20210312|86.00C,HYG,2021-03-12-w,C,86.00,+0.13%,0.30,0.35,0.39,0.34,-0.01,-2.86%,3,090,131,23.59,9.54%,03/09/21
HYG|20210312|86.50C,HYG,2021-03-12-w,C,86.50,-0.45%,0.06,0.08,0.11,0.10,-0.02,-16.67%,2,272,3,191,0.71,8.24%,03/09/21
HYG|20210312|87.00C,HYG,2021-03-12-w,C,87.00,-1.03%,0.01,0.02,0.03,0.02,-0.01,-33.33%,17,5,930,0.00,8.01%,03/09/21
HYG|20210312|87.50C,HYG,2021-03-12-w,C,87.50,-1.61%,0.01,0.03,0.04,0.02,0.00,unch,2,2,112,0.00,11.21%,03/09/21
HYG|20210312|88.00C,HYG,2021-03-12-w,C,88.00,-2.19%,0.01,0.02,0.03,0.02,0.01,+100.00%,16,1,379,0.01,14.23%,03/09/21
HYG|20210312|88.50C,HYG,2021-03-12-w,C,88.50,-2.78%,0.01,0.03,0.05,0.03,-0.07,-70.00%,21,22,0.95,0.00%,02/24/21
HYG|20210312|89.00C,HYG,2021-03-12-w,C,89.00,-3.36%,0.01,0.03,0.04,0.03,0.01,+50.00%,5,84,0.06,0.00%,02/25/21
HYG|20210312|89.50C,HYG,2021-03-12-w,C,89.50,-3.94%,0.01,0.26,0.50,0.00,0.00,unch,0,0,0.00,0.00%,N/A
HYG|20210312|90.00C,HYG,2021-03-12-w,C,90.00,-4.52%,0.01,0.26,0.50,0.00,0.00,unch,0,0,0.00,0.00%,N/A
HYG|20210312|90.50C,HYG,2021-03-12-w,C,90.50,-5.10%,0.01,0.26,0.50,0.00,0.00,unch,0,0,0.00,0.00%,N/A
HYG|20210312|91.00C,HYG,2021-03-12-w,C,91.00,-5.68%,0.01,0.13,0.25,0.00,0.00,unch,0,0,0.00,0.00%,N/A
HYG|20210312|81.50P,HYG,2021-03-12-w,P,81.50,-5.35%,0.01,0.03,0.05,0.04,-0.02,-33.33%,25,87,0.29,0.00%,03/05/21
HYG|20210312|82.00P,HYG,2021-03-12-w,P,82.00,-4.77%,0.01,0.05,0.08,0.03,-0.17,-85.00%,1,11,0.09,0.00%,03/08/21
HYG|20210312|82.50P,HYG,2021-03-12-w,P,82.50,-4.19%,0.01,0.05,0.08,0.19,-0.03,-13.64%,24,29,0.83,28.41%,02/26/21
HYG|20210312|83.00P,HYG,2021-03-12-w,P,83.00,-3.61%,0.01,0.03,0.06,0.12,0.00,unch,1,000,3,205,0.31,23.88%,03/04/21
HYG|20210312|83.50P,HYG,2021-03-12-w,P,83.50,-3.03%,0.02,0.04,0.05,0.05,-0.01,-16.67%,1,46,0.02,20.66%,03/08/21
HYG|20210312|84.00P,HYG,2021-03-12-w,P,84.00,-2.45%,0.03,0.05,0.06,0.04,-0.04,-50.00%,2,490,0.00,17.90%,03/09/21
HYG|20210312|84.50P,HYG,2021-03-12-w,P,84.50,-1.87%,0.04,0.06,0.08,0.10,-0.01,-9.09%,241,13,759,0.02,16.04%,03/08/21
HYG|20210312|85.00P,HYG,2021-03-12-w,P,85.00,-1.29%,0.07,0.09,0.10,0.08,-0.07,-46.67%,24,388,0.06,13.36%,03/09/21
HYG|20210312|85.50P,HYG,2021-03-12-w,P,85.50,-0.71%,0.12,0.15,0.17,0.13,-0.11,-45.83%,2,034,4,174,0.49,11.10%,03/09/21
HYG|20210312|86.00P,HYG,2021-03-12-w,P,86.00,-0.13%,0.23,0.28,0.32,0.24,-0.18,-42.86%,35,4,097,0.01,8.90%,03/09/21
HYG|20210312|86.50P,HYG,2021-03-12-w,P,86.50,+0.45%,0.43,0.52,0.60,0.52,-0.08,-13.33%,5,042,11,543,0.44,8.17%,03/09/21
HYG|20210312|87.00P,HYG,2021-03-12-w,P,87.00,+1.03%,0.86,0.95,1.03,0.90,-0.01,-1.10%,1,880,0.00,13.28%,03/09/21
HYG|20210312|87.50P,HYG,2021-03-12-w,P,87.50,+1.61%,1.05,1.37,1.68,1.33,0.49,+58.33%,1,60,0.02,24.47%,03/09/21
HYG|20210312|88.00P,HYG,2021-03-12-w,P,88.00,+2.19%,1.84,1.94,2.05,1.10,0.10,+10.00%,1,520,2,544,0.60,14.55%,02/25/21
HYG|20210312|88.50P,HYG,2021-03-12-w,P,88.50,+2.78%,2.25,2.41,2.56,0.00,0.00,unch,0,0,0.00,27.02%,N/A
HYG|20210312|89.00P,HYG,2021-03-12-w,P,89.00,+3.36%,2.72,2.89,3.05,0.00,0.00,unch,0,0,0.00,30.08%,N/A
HYG|20210312|89.50P,HYG,2021-03-12-w,P,89.50,+3.94%,3.20,3.40,3.60,0.00,0.00,unch,0,0,0.00,36.94%,N/A
HYG|20210312|90.00P,HYG,2021-03-12-w,P,90.00,+4.52%,3.75,3.90,4.05,0.00,0.00,unch,0,0,0.00,37.06%,N/A
HYG|20210312|90.50P,HYG,2021-03-12-w,P,90.50,+5.10%,4.20,4.43,4.65,0.00,0.00,unch,0,0,0.00,21.11%,N/A
HYG|20210319|81.00C,HYG,2021-03-19-m,C,81.00,+5.93%,4.95,5.15,5.35,4.60,0.65,+16.46%,5,24,0.21,25.33%,11/04/20
HYG|20210319|82.00C,HYG,2021-03-19-m,C,82.00,+4.77%,3.95,4.10,4.25,4.75,0.50,+11.76%,29,87,0.33,26.17%,12/08/20
HYG|20210319|82.50C,HYG,2021-03-19-m,C,82.50,+4.19%,3.50,3.65,3.80,0.00,0.00,unch,0,0,0.00,19.24%,N/A
HYG|20210319|83.00C,HYG,2021-03-19-m,C,83.00,+3.61%,3.00,3.20,3.40,3.20,-1.10,-25.58%,1,29,0.03,19.50%,02/01/21
HYG|20210319|83.50C,HYG,2021-03-19-m,C,83.50,+3.03%,2.61,2.68,2.75,0.00,0.00,unch,0,0,0.00,16.39%,N/A
HYG|20210319|84.00C,HYG,2021-03-19-m,C,84.00,+2.45%,2.13,2.20,2.27,2.33,0.18,+8.37%,7,11,0.64,14.79%,03/09/21
HYG|20210319|84.50C,HYG,2021-03-19-m,C,84.50,+1.87%,1.69,1.75,1.80,0.00,0.00,unch,0,0,0.00,13.66%,N/A
HYG|20210319|85.00C,HYG,2021-03-19-m,C,85.00,+1.29%,1.23,1.29,1.35,1.49,0.03,+2.05%,15,1,355,0.01,11.98%,03/09/21
HYG|20210319|85.50C,HYG,2021-03-19-m,C,85.50,+0.71%,0.83,0.88,0.92,0.91,0.02,+2.25%,8,122,0.07,11.30%,03/09/21
HYG|20210319|86.00C,HYG,2021-03-19-m,C,86.00,+0.13%,0.48,0.52,0.56,0.55,0.02,+3.77%,241,20,856,0.01,9.94%,03/09/21
HYG|20210319|86.50C,HYG,2021-03-19-m,C,86.50,-0.45%,0.22,0.26,0.29,0.27,-0.02,-6.90%,1,633,2,352,0.69,8.70%,03/09/21
HYG|20210319|87.00C,HYG,2021-03-19-m,C,87.00,-1.03%,0.09,0.12,0.14,0.09,-0.04,-30.77%,18,220,100,029,0.18,7.46%,03/09/21
HYG|20210319|87.50C,HYG,2021-03-19-m,C,87.50,-1.61%,0.02,0.04,0.06,0.05,0.01,+25.00%,86,29,728,0.00,8.28%,03/09/21
HYG|20210319|88.00C,HYG,2021-03-19-m,C,88.00,-2.19%,0.02,0.03,0.04,0.01,-0.03,-75.00%,251,161,277,0.00,9.14%,03/09/21
HYG|20210319|88.50C,HYG,2021-03-19-m,C,88.50,-2.78%,0.01,0.03,0.04,0.04,0.01,+33.33%,200,706,0.28,10.52%,03/08/21
HYG|20210319|89.00C,HYG,2021-03-19-m,C,89.00,-3.36%,0.01,0.03,0.05,0.03,-0.01,-25.00%,18,4,965,0.00,12.60%,03/05/21
HYG|20210319|89.50C,HYG,2021-03-19-m,C,89.50,-3.94%,0.01,0.04,0.07,0.05,0.03,+150.00%,45,209,0.22,15.05%,02/26/21
HYG|20210319|90.00C,HYG,2021-03-19-m,C,90.00,-4.52%,0.01,0.02,0.02,0.01,0.00,unch,7,27,444,0.00,14.14%,03/05/21
HYG|20210319|90.50C,HYG,2021-03-19-m,C,90.50,-5.10%,0.01,0.26,0.50,0.00,0.00,unch,0,0,0.00,0.00%,N/A
HYG|20210319|91.00C,HYG,2021-03-19-m,C,91.00,-5.68%,0.01,0.03,0.06,0.01,-0.08,-88.89%,500,2,207,0.23,0.00%,02/24/21
HYG|20210319|81.00P,HYG,2021-03-19-m,P,81.00,-5.93%,0.04,0.07,0.09,0.06,0.00,unch,1,510,163,355,0.01,22.97%,03/09/21
HYG|20210319|82.00P,HYG,2021-03-19-m,P,82.00,-4.77%,0.06,0.08,0.11,0.06,-0.03,-33.33%,4,001,137,058,0.03,19.13%,03/09/21
HYG|20210319|82.50P,HYG,2021-03-19-m,P,82.50,-4.19%,0.07,0.10,0.12,0.27,-0.06,-18.18%,1,839,2,468,0.75,19.11%,02/26/21
HYG|20210319|83.00P,HYG,2021-03-19-m,P,83.00,-3.61%,0.10,0.12,0.14,0.10,-0.05,-33.33%,4,181,384,0.00,17.22%,03/09/21
HYG|20210319|83.50P,HYG,2021-03-19-m,P,83.50,-3.03%,0.13,0.15,0.16,0.15,-0.05,-25.00%,4,400,5,702,0.77,16.75%,03/08/21
HYG|20210319|84.00P,HYG,2021-03-19-m,P,84.00,-2.45%,0.16,0.18,0.20,0.17,-0.06,-26.09%,12,461,247,446,0.05,15.15%,03/09/21
HYG|20210319|84.50P,HYG,2021-03-19-m,P,84.50,-1.87%,0.20,0.22,0.24,0.21,-0.02,-8.70%,550,315,1.75,13.67%,03/09/21
HYG|20210319|85.00P,HYG,2021-03-19-m,P,85.00,-1.29%,0.25,0.28,0.31,0.23,-0.06,-20.69%,5,721,223,632,0.03,12.46%,03/09/21
HYG|20210319|85.50P,HYG,2021-03-19-m,P,85.50,-0.71%,0.38,0.40,0.41,0.39,-0.04,-9.30%,3,622,12,361,0.29,11.40%,03/09/21
HYG|20210319|86.00P,HYG,2021-03-19-m,P,86.00,-0.13%,0.42,0.49,0.56,0.50,-0.11,-18.03%,13,107,195,595,0.07,9.39%,03/09/21
HYG|20210319|86.50P,HYG,2021-03-19-m,P,86.50,+0.45%,0.69,0.75,0.80,0.74,-0.08,-9.76%,589,10,076,0.06,8.42%,03/09/21
HYG|20210319|87.00P,HYG,2021-03-19-m,P,87.00,+1.03%,1.01,1.09,1.16,1.09,-0.08,-6.84%,9,620,208,823,0.05,7.85%,03/09/21
HYG|20210319|87.50P,HYG,2021-03-19-m,P,87.50,+1.61%,1.34,1.53,1.71,1.18,-0.21,-15.11%,5,002,5,299,0.94,7.70%,03/08/21
HYG|20210319|88.00P,HYG,2021-03-19-m,P,88.00,+2.19%,1.86,1.96,2.05,2.00,-0.08,-3.85%,6,662,22,722,0.29,7.71%,03/09/21
HYG|20210319|88.50P,HYG,2021-03-19-m,P,88.50,+2.78%,2.32,2.58,2.84,1.77,1.77,unch,2,2,1.00,14.18%,03/01/21
HYG|20210319|89.00P,HYG,2021-03-19-m,P,89.00,+3.36%,2.91,3.06,3.20,2.71,0.61,+29.05%,10,2,184,0.00,14.97%,03/05/21
HYG|20210319|89.50P,HYG,2021-03-19-m,P,89.50,+3.94%,3.30,3.47,3.65,0.00,0.00,unch,0,0,0.00,21.06%,N/A
HYG|20210319|90.00P,HYG,2021-03-19-m,P,90.00,+4.52%,3.80,4.00,4.20,3.70,-0.05,-1.33%,2,139,0.01,13.71%,03/08/21
HYG|20210319|90.50P,HYG,2021-03-19-m,P,90.50,+5.10%,4.25,4.45,4.65,0.00,0.00,unch,0,0,0.00,25.12%,N/A
HYG|20210326|81.50C,HYG,2021-03-26-w,C,81.50,+5.35%,4.50,4.65,4.80,0.00,0.00,unch,0,0,0.00,18.81%,N/A
HYG|20210326|82.00C,HYG,2021-03-26-w,C,82.00,+4.77%,4.05,4.18,4.30,0.00,0.00,unch,0,0,0.00,18.25%,N/A
HYG|20210326|82.50C,HYG,2021-03-26-w,C,82.50,+4.19%,3.50,3.68,3.85,0.00,0.00,unch,0,0,0.00,16.57%,N/A
HYG|20210326|83.00C,HYG,2021-03-26-w,C,83.00,+3.61%,3.10,3.23,3.35,0.00,0.00,unch,0,0,0.00,16.35%,N/A
HYG|20210326|83.50C,HYG,2021-03-26-w,C,83.50,+3.03%,2.65,2.76,2.86,4.07,4.07,unch,1,1,1.00,15.21%,02/17/21
HYG|20210326|84.00C,HYG,2021-03-26-w,C,84.00,+2.45%,2.18,2.30,2.42,0.00,0.00,unch,0,0,0.00,14.18%,N/A
HYG|20210326|84.50C,HYG,2021-03-26-w,C,84.50,+1.87%,1.72,1.82,1.92,0.00,0.00,unch,0,0,0.00,12.43%,N/A
HYG|20210326|85.00C,HYG,2021-03-26-w,C,85.00,+1.29%,1.30,1.42,1.54,0.00,0.00,unch,0,0,0.00,11.78%,N/A
HYG|20210326|85.50C,HYG,2021-03-26-w,C,85.50,+0.71%,0.92,1.01,1.09,0.00,0.00,unch,0,0,0.00,10.40%,N/A
HYG|20210326|86.00C,HYG,2021-03-26-w,C,86.00,+0.13%,0.57,0.64,0.71,0.69,-0.69,-50.00%,30,123,0.24,9.84%,03/09/21
HYG|20210326|86.50C,HYG,2021-03-26-w,C,86.50,-0.45%,0.31,0.37,0.42,0.49,0.49,unch,1,1,1.00,8.28%,03/08/21
HYG|20210326|87.00C,HYG,2021-03-26-w,C,87.00,-1.03%,0.12,0.16,0.21,0.15,-0.09,-37.50%,2,192,0.01,7.08%,03/09/21
HYG|20210326|87.50C,HYG,2021-03-26-w,C,87.50,-1.61%,0.04,0.07,0.09,0.06,-0.05,-45.45%,1,501,8,661,0.17,6.74%,03/09/21
HYG|20210326|88.00C,HYG,2021-03-26-w,C,88.00,-2.19%,0.01,0.05,0.08,0.05,-0.03,-37.50%,1,5,364,0.00,7.71%,03/08/21
HYG|20210326|88.50C,HYG,2021-03-26-w,C,88.50,-2.78%,0.01,0.03,0.05,0.04,-0.01,-20.00%,1,153,0.01,8.37%,03/08/21
HYG|20210326|89.00C,HYG,2021-03-26-w,C,89.00,-3.36%,0.01,0.03,0.05,0.03,0.00,unch,5,4,020,0.00,0.00%,02/25/21
HYG|20210326|89.50C,HYG,2021-03-26-w,C,89.50,-3.94%,0.01,0.26,0.50,0.00,0.00,unch,0,0,0.00,0.00%,N/A
HYG|20210326|90.00C,HYG,2021-03-26-w,C,90.00,-4.52%,0.01,0.26,0.50,0.00,0.00,unch,0,0,0.00,0.00%,N/A
HYG|20210326|90.50C,HYG,2021-03-26-w,C,90.50,-5.10%,0.01,0.26,0.50,0.17,0.12,+240.00%,1,26,0.04,0.00%,02/11/21
HYG|20210326|91.00C,HYG,2021-03-26-w,C,91.00,-5.68%,0.01,0.26,0.50,0.00,0.00,unch,0,0,0.00,0.00%,N/A
HYG|20210326|81.50P,HYG,2021-03-26-w,P,81.50,-5.35%,0.09,0.13,0.17,0.00,0.00,unch,0,0,0.00,18.59%,N/A
HYG|20210326|82.00P,HYG,2021-03-26-w,P,82.00,-4.77%,0.12,0.16,0.19,0.16,-0.22,-57.89%,1,42,0.02,17.78%,03/01/21
HYG|20210326|82.50P,HYG,2021-03-26-w,P,82.50,-4.19%,0.14,0.18,0.21,0.17,-0.02,-10.53%,3,71,0.04,16.51%,03/09/21
HYG|20210326|83.00P,HYG,2021-03-26-w,P,83.00,-3.61%,0.17,0.21,0.24,0.23,-0.04,-14.81%,5,4,062,0.00,15.65%,03/08/21
HYG|20210326|83.50P,HYG,2021-03-26-w,P,83.50,-3.03%,0.19,0.23,0.27,0.54,0.10,+22.73%,1,2,0.50,14.35%,02/26/21
HYG|20210326|84.00P,HYG,2021-03-26-w,P,84.00,-2.45%,0.23,0.27,0.31,0.38,-0.20,-34.48%,30,45,0.67,13.19%,03/01/21
HYG|20210326|84.50P,HYG,2021-03-26-w,P,84.50,-1.87%,0.30,0.33,0.37,0.26,-0.13,-33.33%,6,635,0.01,12.24%,03/05/21
HYG|20210326|85.00P,HYG,2021-03-26-w,P,85.00,-1.29%,0.37,0.41,0.45,0.43,-0.07,-14.00%,90,20,350,0.00,11.40%,03/09/21
HYG|20210326|85.50P,HYG,2021-03-26-w,P,85.50,-0.71%,0.47,0.52,0.57,0.34,-0.25,-42.37%,3,36,0.08,10.01%,03/05/21
HYG|20210326|86.00P,HYG,2021-03-26-w,P,86.00,-0.13%,0.60,0.67,0.74,0.74,0.22,+42.31%,55,4,568,0.01,8.88%,03/08/21
HYG|20210326|86.50P,HYG,2021-03-26-w,P,86.50,+0.45%,0.80,0.89,0.98,0.72,-0.08,-10.00%,3,10,063,0.00,7.83%,03/09/21
HYG|20210326|87.00P,HYG,2021-03-26-w,P,87.00,+1.03%,1.11,1.26,1.41,1.09,-0.17,-13.49%,12,266,0.05,8.02%,03/09/21
HYG|20210326|87.50P,HYG,2021-03-26-w,P,87.50,+1.61%,1.47,1.60,1.72,1.57,-0.02,-1.26%,3,151,0.02,4.23%,03/09/21
HYG|20210326|88.00P,HYG,2021-03-26-w,P,88.00,+2.19%,1.87,2.05,2.23,2.18,0.70,+47.30%,2,4,0.50,11.20%,03/08/21
HYG|20210326|88.50P,HYG,2021-03-26-w,P,88.50,+2.78%,2.36,2.55,2.74,2.20,2.20,unch,1,1,1.00,13.16%,03/04/21
HYG|20210326|89.00P,HYG,2021-03-26-w,P,89.00,+3.36%,2.82,3.04,3.25,0.00,0.00,unch,0,0,0.00,15.08%,N/A
HYG|20210326|89.50P,HYG,2021-03-26-w,P,89.50,+3.94%,3.15,3.50,3.85,3.20,3.20,unch,1,1,1.00,19.16%,03/04/21
HYG|20210326|90.00P,HYG,2021-03-26-w,P,90.00,+4.52%,3.65,4.00,4.35,3.70,3.70,unch,1,1,1.00,20.86%,03/04/21
HYG|20210326|90.50P,HYG,2021-03-26-w,P,90.50,+5.10%,4.35,4.55,4.75,0.00,0.00,unch,0,0,0.00,19.81%,N/A
HYG|20210401|81.50C,HYG,2021-04-01-w,C,81.50,+5.35%,4.45,4.80,5.15,0.00,0.00,unch,0,0,0.00,21.11%,N/A
HYG|20210401|82.00C,HYG,2021-04-01-w,C,82.00,+4.77%,3.85,4.25,4.65,0.00,0.00,unch,0,0,0.00,18.34%,N/A
HYG|20210401|82.50C,HYG,2021-04-01-w,C,82.50,+4.19%,3.50,3.83,4.15,0.00,0.00,unch,0,0,0.00,18.33%,N/A
HYG|20210401|83.00C,HYG,2021-04-01-w,C,83.00,+3.61%,3.05,3.38,3.70,0.00,0.00,unch,0,0,0.00,17.53%,N/A
HYG|20210401|83.50C,HYG,2021-04-01-w,C,83.50,+3.03%,2.59,2.90,3.20,0.00,0.00,unch,0,0,0.00,16.06%,N/A
HYG|20210401|84.00C,HYG,2021-04-01-w,C,84.00,+2.45%,2.11,2.34,2.56,0.00,0.00,unch,0,0,0.00,13.20%,N/A
HYG|20210401|84.50C,HYG,2021-04-01-w,C,84.50,+1.87%,1.64,1.88,2.11,0.00,0.00,unch,0,0,0.00,11.90%,N/A
HYG|20210401|85.00C,HYG,2021-04-01-w,C,85.00,+1.29%,1.20,1.43,1.66,0.00,0.00,unch,0,0,0.00,10.59%,N/A
HYG|20210401|85.50C,HYG,2021-04-01-w,C,85.50,+0.71%,0.86,1.06,1.26,0.00,0.00,unch,0,0,0.00,9.90%,N/A
HYG|20210401|86.00C,HYG,2021-04-01-w,C,86.00,+0.13%,0.53,0.69,0.85,0.65,-0.24,-26.97%,1,116,0.01,8.69%,03/08/21
HYG|20210401|86.50C,HYG,2021-04-01-w,C,86.50,-0.45%,0.30,0.42,0.54,0.00,0.00,unch,0,0,0.00,8.00%,N/A
HYG|20210401|87.00C,HYG,2021-04-01-w,C,87.00,-1.03%,0.14,0.19,0.24,0.30,-0.10,-25.00%,6,28,0.21,6.88%,03/08/21
HYG|20210401|87.50C,HYG,2021-04-01-w,C,87.50,-1.61%,0.02,0.06,0.10,0.30,0.04,+15.38%,1,92,0.01,5.91%,03/04/21
HYG|20210401|88.00C,HYG,2021-04-01-w,C,88.00,-2.19%,0.05,0.10,0.15,0.15,0.05,+50.00%,1,22,0.05,0.00%,03/05/21
HYG|20210401|88.50C,HYG,2021-04-01-w,C,88.50,-2.78%,0.01,0.08,0.15,0.03,-0.15,-83.33%,1,1,1.00,0.00%,03/04/21
HYG|20210401|89.00C,HYG,2021-04-01-w,C,89.00,-3.36%,0.01,0.08,0.15,0.00,0.00,unch,0,0,0.00,0.00%,N/A
HYG|20210401|89.50C,HYG,2021-04-01-w,C,89.50,-3.94%,0.01,0.17,0.33,0.00,0.00,unch,0,0,0.00,0.00%,N/A
HYG|20210401|90.00C,HYG,2021-04-01-w,C,90.00,-4.52%,0.01,0.26,0.50,0.00,0.00,unch,0,0,0.00,0.00%,N/A
HYG|20210401|90.50C,HYG,2021-04-01-w,C,90.50,-5.10%,0.01,0.26,0.50,0.00,0.00,unch,0,0,0.00,0.00%,N/A
HYG|20210401|91.00C,HYG,2021-04-01-w,C,91.00,-5.68%,0.01,0.17,0.33,0.00,0.00,unch,0,0,0.00,0.00%,N/A
HYG|20210401|81.50P,HYG,2021-04-01-w,P,81.50,-5.35%,0.16,0.18,0.20,0.18,-0.10,-35.71%,1,15,0.07,17.11%,03/03/21
HYG|20210401|82.00P,HYG,2021-04-01-w,P,82.00,-4.77%,0.17,0.22,0.26,0.30,0.08,+36.36%,7,28,0.25,16.48%,03/08/21
HYG|20210401|82.50P,HYG,2021-04-01-w,P,82.50,-4.19%,0.20,0.25,0.29,0.25,0.02,+8.70%,12,52,0.23,15.68%,03/09/21
HYG|20210401|83.00P,HYG,2021-04-01-w,P,83.00,-3.61%,0.25,0.29,0.33,0.28,-0.10,-26.32%,4,4,1.00,14.64%,03/09/21
HYG|20210401|83.50P,HYG,2021-04-01-w,P,83.50,-3.03%,0.29,0.33,0.38,0.28,0.28,unch,1,1,1.00,13.90%,02/24/21
HYG|20210401|84.00P,HYG,2021-04-01-w,P,84.00,-2.45%,0.34,0.44,0.54,0.36,-0.09,-20.00%,12,40,0.30,12.48%,03/09/21
HYG|20210401|84.50P,HYG,2021-04-01-w,P,84.50,-1.87%,0.41,0.46,0.51,0.40,-0.20,-33.33%,3,7,0.43,11.98%,03/09/21
HYG|20210401|85.00P,HYG,2021-04-01-w,P,85.00,-1.29%,0.52,0.58,0.63,0.53,-0.12,-18.46%,1,108,0.01,10.75%,03/09/21
HYG|20210401|85.50P,HYG,2021-04-01-w,P,85.50,-0.71%,0.60,0.72,0.84,0.62,-0.18,-22.50%,5,11,0.45,9.43%,03/09/21
HYG|20210401|86.00P,HYG,2021-04-01-w,P,86.00,-0.13%,0.81,0.92,1.02,0.82,-0.28,-25.45%,7,140,0.05,8.95%,03/09/21
HYG|20210401|86.50P,HYG,2021-04-01-w,P,86.50,+0.45%,0.88,1.13,1.37,1.04,0.27,+35.06%,1,101,0.01,9.12%,03/08/21
HYG|20210401|87.00P,HYG,2021-04-01-w,P,87.00,+1.03%,1.38,1.63,1.87,1.48,-0.12,-7.50%,3,157,0.02,9.34%,03/09/21
HYG|20210401|87.50P,HYG,2021-04-01-w,P,87.50,+1.61%,1.80,2.09,2.38,2.03,0.73,+56.15%,7,8,0.88,12.80%,03/08/21
HYG|20210401|88.00P,HYG,2021-04-01-w,P,88.00,+2.19%,2.17,2.43,2.68,0.00,0.00,unch,0,0,0.00,12.08%,N/A
HYG|20210401|88.50P,HYG,2021-04-01-w,P,88.50,+2.78%,2.69,3.05,3.40,0.00,0.00,unch,0,0,0.00,15.69%,N/A
HYG|20210401|89.00P,HYG,2021-04-01-w,P,89.00,+3.36%,3.15,3.50,3.85,2.19,2.19,unch,4,4,1.00,16.58%,02/16/21
HYG|20210401|89.50P,HYG,2021-04-01-w,P,89.50,+3.94%,3.55,3.98,4.40,0.00,0.00,unch,0,0,0.00,17.68%,N/A
HYG|20210401|90.00P,HYG,2021-04-01-w,P,90.00,+4.52%,4.15,4.53,4.90,0.00,0.00,unch,0,0,0.00,20.10%,N/A
HYG|20210401|90.50P,HYG,2021-04-01-w,P,90.50,+5.10%,4.55,4.95,5.35,0.00,0.00,unch,0,0,0.00,20.11%,N/A
HYG|20210409|81.50C,HYG,2021-04-09-w,C,81.50,+5.35%,4.45,4.83,5.20,0.00,0.00,unch,0,0,0.00,19.30%,N/A
HYG|20210409|82.00C,HYG,2021-04-09-w,C,82.00,+4.77%,3.95,4.33,4.70,0.00,0.00,unch,0,0,0.00,17.85%,N/A
HYG|20210409|82.50C,HYG,2021-04-09-w,C,82.50,+4.19%,3.50,3.85,4.20,0.00,0.00,unch,0,0,0.00,16.78%,N/A
HYG|20210409|83.00C,HYG,2021-04-09-w,C,83.00,+3.61%,3.00,3.38,3.75,0.00,0.00,unch,0,0,0.00,15.63%,N/A
HYG|20210409|83.50C,HYG,2021-04-09-w,C,83.50,+3.03%,2.56,2.91,3.25,0.00,0.00,unch,0,0,0.00,14.46%,N/A
HYG|20210409|84.00C,HYG,2021-04-09-w,C,84.00,+2.45%,2.10,2.45,2.80,0.00,0.00,unch,0,0,0.00,13.38%,N/A
HYG|20210409|84.50C,HYG,2021-04-09-w,C,84.50,+1.87%,1.75,1.93,2.10,0.00,0.00,unch,0,0,0.00,11.30%,N/A
HYG|20210409|85.00C,HYG,2021-04-09-w,C,85.00,+1.29%,1.34,1.50,1.65,0.00,0.00,unch,0,0,0.00,10.25%,N/A
HYG|20210409|85.50C,HYG,2021-04-09-w,C,85.50,+0.71%,0.95,1.10,1.25,0.00,0.00,unch,0,0,0.00,9.28%,N/A
HYG|20210409|86.00C,HYG,2021-04-09-w,C,86.00,+0.13%,0.63,0.76,0.88,1.02,1.02,unch,22,22,1.00,8.44%,03/05/21
HYG|20210409|86.50C,HYG,2021-04-09-w,C,86.50,-0.45%,0.36,0.46,0.57,0.48,0.48,unch,7,7,1.00,7.62%,03/08/21
HYG|20210409|87.00C,HYG,2021-04-09-w,C,87.00,-1.03%,0.18,0.23,0.28,0.52,0.10,+23.81%,1,65,0.02,6.65%,03/08/21
HYG|20210409|87.50C,HYG,2021-04-09-w,C,87.50,-1.61%,0.06,0.11,0.15,0.16,-0.08,-33.33%,205,449,0.46,6.16%,03/08/21
HYG|20210409|88.00C,HYG,2021-04-09-w,C,88.00,-2.19%,0.01,0.07,0.13,0.13,0.04,+44.44%,5,7,0.71,6.60%,03/02/21
HYG|20210409|88.50C,HYG,2021-04-09-w,C,88.50,-2.78%,0.01,0.08,0.15,0.10,-0.18,-64.29%,5,5,1.00,0.00%,03/05/21
HYG|20210409|89.00C,HYG,2021-04-09-w,C,89.00,-3.36%,0.00,0.08,0.15,0.23,0.23,unch,3,3,1.00,0.00%,03/02/21
HYG|20210409|89.50C,HYG,2021-04-09-w,C,89.50,-3.94%,0.00,0.26,0.51,0.00,0.00,unch,0,0,0.00,0.00%,N/A
HYG|20210409|90.00C,HYG,2021-04-09-w,C,90.00,-4.52%,0.00,0.26,0.51,0.00,0.00,unch,0,0,0.00,0.00%,N/A
HYG|20210409|90.50C,HYG,2021-04-09-w,C,90.50,-5.10%,0.00,0.26,0.51,0.00,0.00,unch,0,0,0.00,0.00%,N/A
HYG|20210409|91.00C,HYG,2021-04-09-w,C,91.00,-5.68%,0.00,0.26,0.51,0.00,0.00,unch,0,0,0.00,0.00%,N/A
HYG|20210409|81.50P,HYG,2021-04-09-w,P,81.50,-5.35%,0.20,0.25,0.30,0.00,0.00,unch,0,0,0.00,15.91%,N/A
HYG|20210409|82.00P,HYG,2021-04-09-w,P,82.00,-4.77%,0.23,0.29,0.34,0.28,0.00,unch,45,64,0.70,15.20%,03/08/21
HYG|20210409|82.50P,HYG,2021-04-09-w,P,82.50,-4.19%,0.28,0.35,0.41,0.00,0.00,unch,0,0,0.00,14.79%,N/A
HYG|20210409|83.00P,HYG,2021-04-09-w,P,83.00,-3.61%,0.33,0.39,0.45,0.32,-0.08,-20.00%,10,20,0.50,13.97%,03/09/21
HYG|20210409|83.50P,HYG,2021-04-09-w,P,83.50,-3.03%,0.36,0.42,0.47,0.00,0.00,unch,0,0,0.00,12.76%,N/A
HYG|20210409|84.00P,HYG,2021-04-09-w,P,84.00,-2.45%,0.43,0.49,0.55,0.56,0.00,unch,1,1,1.00,12.07%,03/05/21
HYG|20210409|84.50P,HYG,2021-04-09-w,P,84.50,-1.87%,0.54,0.59,0.64,0.57,-0.01,-1.72%,11,1,11.00,11.23%,03/09/21
HYG|20210409|85.00P,HYG,2021-04-09-w,P,85.00,-1.29%,0.63,0.70,0.76,0.65,0.13,+25.00%,3,25,0.12,10.16%,03/09/21
HYG|20210409|85.50P,HYG,2021-04-09-w,P,85.50,-0.71%,0.75,0.84,0.92,0.47,0.47,unch,1,1,1.00,9.90%,03/08/21
HYG|20210409|86.00P,HYG,2021-04-09-w,P,86.00,-0.13%,0.92,1.07,1.22,1.01,-0.03,-2.88%,1,12,0.08,9.74%,03/08/21
HYG|20210409|86.50P,HYG,2021-04-09-w,P,86.50,+0.45%,1.15,1.30,1.45,0.86,0.86,unch,5,8,0.63,9.09%,03/02/21
HYG|20210409|87.00P,HYG,2021-04-09-w,P,87.00,+1.03%,1.49,1.69,1.89,1.01,1.01,unch,5,5,1.00,9.72%,03/02/21
HYG|20210409|87.50P,HYG,2021-04-09-w,P,87.50,+1.61%,1.88,2.04,2.19,0.00,0.00,unch,0,0,0.00,9.44%,N/A
HYG|20210409|88.00P,HYG,2021-04-09-w,P,88.00,+2.19%,1.99,2.46,2.93,0.00,0.00,unch,0,0,0.00,9.81%,N/A
HYG|20210409|88.50P,HYG,2021-04-09-w,P,88.50,+2.78%,2.63,2.99,3.35,0.00,0.00,unch,0,0,0.00,11.61%,N/A
HYG|20210409|89.00P,HYG,2021-04-09-w,P,89.00,+3.36%,3.20,3.48,3.75,3.17,3.17,unch,5,5,1.00,12.66%,02/25/21
HYG|20210409|89.50P,HYG,2021-04-09-w,P,89.50,+3.94%,3.55,4.00,4.45,0.00,0.00,unch,0,0,0.00,14.33%,N/A
HYG|20210409|90.00P,HYG,2021-04-09-w,P,90.00,+4.52%,4.20,4.53,4.85,0.00,0.00,unch,0,0,0.00,16.00%,N/A
HYG|20210409|90.50P,HYG,2021-04-09-w,P,90.50,+5.10%,4.70,5.08,5.45,0.00,0.00,unch,0,0,0.00,18.07%,N/A
HYG|20210416|77.00C,HYG,2021-04-16-m,C,77.00,+10.58%,8.95,9.30,9.65,0.00,0.00,unch,0,0,0.00,28.75%,N/A
HYG|20210416|78.00C,HYG,2021-04-16-m,C,78.00,+9.42%,7.70,8.18,8.65,5.75,5.75,unch,2,2,1.00,23.05%,10/28/20
HYG|20210416|79.00C,HYG,2021-04-16-m,C,79.00,+8.26%,6.80,7.23,7.65,4.80,-1.50,-23.81%,44,53,0.83,22.14%,10/28/20
HYG|20210416|80.00C,HYG,2021-04-16-m,C,80.00,+7.10%,5.80,6.23,6.65,0.00,0.00,unch,0,0,0.00,19.75%,N/A
HYG|20210416|81.00C,HYG,2021-04-16-m,C,81.00,+5.93%,4.80,5.23,5.65,4.90,-0.05,-1.01%,44,29,1.52,17.33%,11/11/20
HYG|20210416|82.00C,HYG,2021-04-16-m,C,82.00,+4.77%,3.80,4.25,4.70,0.00,0.00,unch,0,0,0.00,15.31%,N/A
HYG|20210416|83.00C,HYG,2021-04-16-m,C,83.00,+3.61%,3.05,3.40,3.75,2.03,-0.43,-17.48%,4,4,1.00,14.86%,10/28/20
HYG|20210416|84.00C,HYG,2021-04-16-m,C,84.00,+2.45%,2.19,2.50,2.80,2.49,-0.53,-17.55%,627,4,907,0.13,12.95%,03/08/21
HYG|20210416|85.00C,HYG,2021-04-16-m,C,85.00,+1.29%,1.34,1.49,1.64,1.60,0.03,+1.91%,1,2,625,0.00,10.61%,03/09/21
HYG|20210416|86.00C,HYG,2021-04-16-m,C,86.00,+0.13%,0.66,0.76,0.86,0.80,0.06,+8.11%,41,13,755,0.00,8.27%,03/09/21
HYG|20210416|87.00C,HYG,2021-04-16-m,C,87.00,-1.03%,0.16,0.24,0.31,0.24,-0.01,-4.00%,14,073,34,589,0.41,6.28%,03/09/21
HYG|20210416|88.00C,HYG,2021-04-16-m,C,88.00,-2.19%,0.05,0.07,0.08,0.07,0.02,+40.00%,936,124,352,0.01,6.08%,03/09/21
HYG|20210416|89.00C,HYG,2021-04-16-m,C,89.00,-3.36%,0.01,0.03,0.06,0.01,-0.07,-87.50%,41,1,080,0.04,0.00%,03/08/21
HYG|20210416|90.00C,HYG,2021-04-16-m,C,90.00,-4.52%,0.01,0.03,0.05,0.05,-0.09,-64.29%,1,2,542,0.00,0.00%,03/08/21
HYG|20210416|91.00C,HYG,2021-04-16-m,C,91.00,-5.68%,0.01,0.06,0.11,0.04,0.00,unch,500,2,690,0.19,0.00%,02/19/21
HYG|20210416|92.00C,HYG,2021-04-16-m,C,92.00,-6.84%,0.01,0.06,0.10,0.04,0.02,+100.00%,1,3,806,0.00,0.00%,02/08/21
HYG|20210416|93.00C,HYG,2021-04-16-m,C,93.00,-8.00%,0.01,0.06,0.10,0.03,0.01,+50.00%,2,596,0.00,0.00%,02/08/21
HYG|20210416|94.00C,HYG,2021-04-16-m,C,94.00,-9.16%,0.01,0.03,0.05,0.03,-0.10,-76.92%,73,73,1.00,0.00%,11/20/20
HYG|20210416|95.00C,HYG,2021-04-16-m,C,95.00,-10.32%,0.01,0.03,0.06,0.10,0.09,+900.00%,4,000,18,605,0.21,0.00%,03/04/21
HYG|20210416|96.00C,HYG,2021-04-16-m,C,96.00,-11.49%,0.01,0.10,0.18,0.00,0.00,unch,0,0,0.00,0.00%,N/A
HYG|20210416|77.00P,HYG,2021-04-16-m,P,77.00,-10.58%,0.12,0.14,0.16,0.13,-0.06,-31.58%,21,24,372,0.00,21.15%,03/09/21
HYG|20210416|78.00P,HYG,2021-04-16-m,P,78.00,-9.42%,0.15,0.17,0.19,0.14,0.00,unch,90,22,257,0.00,20.29%,03/09/21
HYG|20210416|79.00P,HYG,2021-04-16-m,P,79.00,-8.26%,0.18,0.20,0.22,0.18,-0.06,-25.00%,3,400,6,814,0.50,18.39%,03/09/21
HYG|20210416|80.00P,HYG,2021-04-16-m,P,80.00,-7.10%,0.20,0.23,0.26,0.22,-0.06,-21.43%,12,721,120,458,0.11,17.08%,03/09/21
HYG|20210416|81.00P,HYG,2021-04-16-m,P,81.00,-5.93%,0.26,0.29,0.32,0.31,0.00,unch,8,108,599,0.00,16.41%,03/09/21
HYG|20210416|82.00P,HYG,2021-04-16-m,P,82.00,-4.77%,0.33,0.36,0.39,0.36,-0.04,-10.00%,51,279,458,0.00,14.66%,03/09/21
HYG|20210416|83.00P,HYG,2021-04-16-m,P,83.00,-3.61%,0.43,0.46,0.50,0.46,-0.06,-11.54%,2,020,123,764,0.02,13.27%,03/09/21
HYG|20210416|84.00P,HYG,2021-04-16-m,P,84.00,-2.45%,0.56,0.64,0.72,0.57,-0.13,-18.57%,8,959,211,283,0.04,11.51%,03/09/21
HYG|20210416|85.00P,HYG,2021-04-16-m,P,85.00,-1.29%,0.77,0.82,0.87,0.80,-0.10,-11.11%,12,575,382,350,0.03,10.31%,03/09/21
HYG|20210416|86.00P,HYG,2021-04-16-m,P,86.00,-0.13%,1.09,1.15,1.20,1.15,-0.05,-4.17%,2,128,147,727,0.01,9.13%,03/09/21
HYG|20210416|87.00P,HYG,2021-04-16-m,P,87.00,+1.03%,1.65,1.73,1.80,1.80,0.00,unch,357,100,490,0.00,9.35%,03/09/21
HYG|20210416|88.00P,HYG,2021-04-16-m,P,88.00,+2.19%,2.14,2.47,2.80,2.29,-0.13,-5.37%,4,724,0.01,12.28%,03/09/21
HYG|20210416|89.00P,HYG,2021-04-16-m,P,89.00,+3.36%,2.97,3.46,3.95,3.11,-0.28,-8.26%,1,2,244,0.00,10.08%,03/05/21
HYG|20210416|90.00P,HYG,2021-04-16-m,P,90.00,+4.52%,4.25,4.58,4.90,4.10,0.45,+12.33%,2,218,0.01,14.17%,03/04/21
HYG|20210416|91.00P,HYG,2021-04-16-m,P,91.00,+5.68%,5.10,5.50,5.90,4.90,0.35,+7.69%,6,10,0.60,14.89%,02/25/21
HYG|20210416|92.00P,HYG,2021-04-16-m,P,92.00,+6.84%,6.15,6.55,6.95,6.30,6.30,unch,1,0,0.00,8.98%,03/09/21
HYG|20210416|93.00P,HYG,2021-04-16-m,P,93.00,+8.00%,7.15,7.55,7.95,6.97,0.49,+7.56%,3,3,1.00,19.74%,03/04/21
HYG|20210416|94.00P,HYG,2021-04-16-m,P,94.00,+9.16%,8.15,8.55,8.95,11.25,11.25,unch,4,4,1.00,21.59%,10/09/20
HYG|20210416|95.00P,HYG,2021-04-16-m,P,95.00,+10.32%,8.95,9.45,9.95,9.10,0.50,+5.81%,4,000,6,500,0.62,20.83%,03/04/21
HYG|20210521|77.00C,HYG,2021-05-21-m,C,77.00,+10.58%,8.95,9.30,9.65,0.00,0.00,unch,0,0,0.00,22.82%,N/A
HYG|20210521|78.00C,HYG,2021-05-21-m,C,78.00,+9.42%,7.95,8.30,8.65,8.82,2.42,+37.81%,5,5,1.00,20.94%,12/16/20
HYG|20210521|79.00C,HYG,2021-05-21-m,C,79.00,+8.26%,6.95,7.30,7.65,6.45,0.25,+4.03%,1,62,0.02,19.04%,11/06/20
HYG|20210521|80.00C,HYG,2021-05-21-m,C,80.00,+7.10%,5.90,6.30,6.70,7.13,-0.14,-1.93%,2,1,2.00,17.12%,02/25/21
HYG|20210521|81.00C,HYG,2021-05-21-m,C,81.00,+5.93%,5.00,5.30,5.60,0.00,0.00,unch,0,0,0.00,15.15%,N/A
HYG|20210521|82.00C,HYG,2021-05-21-m,C,82.00,+4.77%,4.10,4.38,4.65,0.00,0.00,unch,0,0,0.00,13.95%,N/A
HYG|20210521|83.00C,HYG,2021-05-21-m,C,83.00,+3.61%,3.20,3.45,3.70,4.15,-0.05,-1.19%,1,55,0.02,12.47%,01/28/21
HYG|20210521|84.00C,HYG,2021-05-21-m,C,84.00,+2.45%,2.31,2.55,2.80,2.96,-0.14,-4.52%,1,470,0.00,10.95%,03/02/21
HYG|20210521|85.00C,HYG,2021-05-21-m,C,85.00,+1.29%,1.48,1.73,1.97,1.74,-0.23,-11.68%,1,2,509,0.00,9.51%,03/08/21
HYG|20210521|86.00C,HYG,2021-05-21-m,C,86.00,+0.13%,0.81,1.03,1.24,1.50,-0.01,-0.66%,44,543,0.08,8.28%,03/02/21
HYG|20210521|87.00C,HYG,2021-05-21-m,C,87.00,-1.03%,0.26,0.45,0.64,0.50,-0.20,-28.57%,64,15,857,0.00,6.83%,03/04/21
HYG|20210521|88.00C,HYG,2021-05-21-m,C,88.00,-2.19%,0.04,0.12,0.20,0.08,-0.10,-55.56%,2,34,167,0.00,5.58%,03/05/21
HYG|20210521|89.00C,HYG,2021-05-21-m,C,89.00,-3.36%,0.01,0.07,0.13,0.07,0.02,+40.00%,1,4,430,0.00,0.00%,03/08/21
HYG|20210521|90.00C,HYG,2021-05-21-m,C,90.00,-4.52%,0.01,0.03,0.05,0.18,0.09,+100.00%,2,630,0.00,0.00%,02/25/21
HYG|20210521|91.00C,HYG,2021-05-21-m,C,91.00,-5.68%,0.01,0.04,0.07,0.01,-0.04,-80.00%,5,290,0.02,0.00%,01/29/21
HYG|20210521|92.00C,HYG,2021-05-21-m,C,92.00,-6.84%,0.01,0.07,0.13,0.03,-0.03,-50.00%,8,2,4.00,0.00%,02/24/21
HYG|20210521|93.00C,HYG,2021-05-21-m,C,93.00,-8.00%,0.01,0.15,0.29,0.00,0.00,unch,0,0,0.00,0.00%,N/A
HYG|20210521|94.00C,HYG,2021-05-21-m,C,94.00,-9.16%,0.01,0.15,0.29,0.00,0.00,unch,0,0,0.00,0.00%,N/A
HYG|20210521|95.00C,HYG,2021-05-21-m,C,95.00,-10.32%,0.01,0.15,0.28,0.00,0.00,unch,0,0,0.00,0.00%,N/A
HYG|20210521|96.00C,HYG,2021-05-21-m,C,96.00,-11.49%,0.01,0.15,0.28,0.00,0.00,unch,0,0,0.00,0.00%,N/A
HYG|20210521|77.00P,HYG,2021-05-21-m,P,77.00,-10.58%,0.32,0.35,0.37,0.33,-0.02,-5.71%,5,471,0.01,18.62%,03/04/21
HYG|20210521|78.00P,HYG,2021-05-21-m,P,78.00,-9.42%,0.33,0.38,0.42,0.38,-0.11,-22.45%,2,150,8,943,0.24,17.37%,03/09/21
HYG|20210521|79.00P,HYG,2021-05-21-m,P,79.00,-8.26%,0.42,0.45,0.48,0.41,-0.08,-16.33%,813,41,954,0.02,16.45%,03/05/21
HYG|20210521|80.00P,HYG,2021-05-21-m,P,80.00,-7.10%,0.48,0.52,0.57,0.48,-0.10,-17.24%,8,526,53,343,0.16,14.91%,03/09/21
HYG|20210521|81.00P,HYG,2021-05-21-m,P,81.00,-5.93%,0.54,0.61,0.67,0.66,0.05,+8.20%,10,014,20,404,0.49,14.22%,03/08/21
HYG|20210521|82.00P,HYG,2021-05-21-m,P,82.00,-4.77%,0.69,0.74,0.79,0.70,0.03,+4.48%,355,64,646,0.01,12.97%,03/09/21
HYG|20210521|83.00P,HYG,2021-05-21-m,P,83.00,-3.61%,0.78,0.84,0.90,0.89,-0.06,-6.32%,3,646,62,744,0.06,12.21%,03/09/21
HYG|20210521|84.00P,HYG,2021-05-21-m,P,84.00,-2.45%,0.93,1.05,1.17,0.99,-0.16,-13.91%,28,110,705,0.00,10.43%,03/09/21
HYG|20210521|85.00P,HYG,2021-05-21-m,P,85.00,-1.29%,1.19,1.33,1.47,1.33,-0.17,-11.33%,10,158,94,890,0.11,9.85%,03/09/21
HYG|20210521|86.00P,HYG,2021-05-21-m,P,86.00,-0.13%,1.54,1.65,1.76,1.59,-0.21,-11.67%,10,16,219,0.00,8.06%,03/09/21
HYG|20210521|87.00P,HYG,2021-05-21-m,P,87.00,+1.03%,2.10,2.30,2.50,2.30,-0.12,-4.96%,35,88,030,0.00,8.47%,03/09/21
HYG|20210521|88.00P,HYG,2021-05-21-m,P,88.00,+2.19%,2.80,3.00,3.20,2.70,-0.11,-3.91%,2,4,063,0.00,7.97%,03/08/21
HYG|20210521|89.00P,HYG,2021-05-21-m,P,89.00,+3.36%,3.50,3.88,4.25,3.60,-0.06,-1.64%,2,431,0.00,8.27%,03/08/21
HYG|20210521|90.00P,HYG,2021-05-21-m,P,90.00,+4.52%,4.50,4.85,5.20,4.50,-0.15,-3.23%,3,52,0.06,9.40%,03/04/21
HYG|20210521|91.00P,HYG,2021-05-21-m,P,91.00,+5.68%,5.50,5.95,6.40,5.50,0.15,+2.80%,1,80,0.01,12.20%,01/29/21
HYG|20210521|92.00P,HYG,2021-05-21-m,P,92.00,+6.84%,6.50,6.95,7.40,5.55,-0.25,-4.31%,2,35,0.06,13.63%,02/08/21
HYG|20210521|93.00P,HYG,2021-05-21-m,P,93.00,+8.00%,7.45,7.93,8.40,7.20,-2.70,-27.27%,12,34,0.35,14.63%,01/06/21
HYG|20210521|94.00P,HYG,2021-05-21-m,P,94.00,+9.16%,8.50,8.95,9.40,8.60,-0.02,-0.23%,1,20,0.05,16.34%,03/08/21
HYG|20210521|95.00P,HYG,2021-05-21-m,P,95.00,+10.32%,9.45,9.93,10.40,9.60,0.43,+4.69%,1,4,0.25,17.22%,03/08/21
HYG|20210618|77.00C,HYG,2021-06-18-m,C,77.00,+10.58%,8.80,9.20,9.60,10.56,2.71,+34.52%,10,10,1.00,19.12%,02/19/21
HYG|20210618|78.00C,HYG,2021-06-18-m,C,78.00,+9.42%,7.95,8.28,8.60,0.00,0.00,unch,0,0,0.00,18.64%,N/A
HYG|20210618|79.00C,HYG,2021-06-18-m,C,79.00,+8.26%,6.95,7.30,7.65,0.00,0.00,unch,0,0,0.00,17.29%,N/A
HYG|20210618|80.00C,HYG,2021-06-18-m,C,80.00,+7.10%,5.95,6.30,6.65,6.72,-0.67,-9.07%,3,71,0.04,15.58%,02/26/21
HYG|20210618|81.00C,HYG,2021-06-18-m,C,81.00,+5.93%,5.00,5.35,5.70,0.00,0.00,unch,0,0,0.00,14.32%,N/A
HYG|20210618|82.00C,HYG,2021-06-18-m,C,82.00,+4.77%,4.05,4.40,4.75,5.15,0.21,+4.25%,1,1,1.00,12.93%,01/29/21
HYG|20210618|83.00C,HYG,2021-06-18-m,C,83.00,+3.61%,3.10,3.45,3.80,3.90,-0.70,-15.22%,1,2,0.50,11.38%,03/03/21
HYG|20210618|84.00C,HYG,2021-06-18-m,C,84.00,+2.45%,2.23,2.58,2.92,3.33,0.03,+0.91%,1,263,0.00,10.14%,01/29/21
HYG|20210618|85.00C,HYG,2021-06-18-m,C,85.00,+1.29%,1.58,1.87,2.16,1.78,-0.52,-22.61%,3,2,899,0.00,9.56%,03/08/21
HYG|20210618|86.00C,HYG,2021-06-18-m,C,86.00,+0.13%,0.83,1.07,1.31,1.40,-0.14,-9.09%,5,844,0.01,7.81%,03/03/21
HYG|20210618|87.00C,HYG,2021-06-18-m,C,87.00,-1.03%,0.42,0.57,0.72,0.69,0.04,+6.15%,55,23,418,0.00,7.79%,03/09/21
HYG|20210618|88.00C,HYG,2021-06-18-m,C,88.00,-2.19%,0.22,0.29,0.36,0.30,-0.03,-9.09%,16,221,39,656,0.41,6.79%,03/09/21
HYG|20210618|89.00C,HYG,2021-06-18-m,C,89.00,-3.36%,0.02,0.10,0.18,0.10,-0.04,-28.57%,26,34,936,0.00,0.00%,03/05/21
HYG|20210618|90.00C,HYG,2021-06-18-m,C,90.00,-4.52%,0.01,0.03,0.06,0.04,0.00,unch,92,3,137,0.03,5.95%,03/09/21
HYG|20210618|91.00C,HYG,2021-06-18-m,C,91.00,-5.68%,0.03,0.06,0.08,0.08,0.05,+166.67%,50,145,0.34,0.00%,03/02/21
HYG|20210618|92.00C,HYG,2021-06-18-m,C,92.00,-6.84%,0.02,0.06,0.10,0.03,-0.03,-50.00%,10,000,387,25.84,7.47%,03/09/21
HYG|20210618|93.00C,HYG,2021-06-18-m,C,93.00,-8.00%,0.01,0.05,0.09,0.04,-0.20,-83.33%,43,44,0.98,0.00%,10/19/20
HYG|20210618|94.00C,HYG,2021-06-18-m,C,94.00,-9.16%,0.03,0.09,0.14,0.05,0.02,+66.67%,6,200,6,200,1.00,9.94%,03/09/21
HYG|20210618|95.00C,HYG,2021-06-18-m,C,95.00,-10.32%,0.02,0.04,0.06,0.02,0.00,unch,1,15,0.07,0.00%,02/23/21
HYG|20210618|96.00C,HYG,2021-06-18-m,C,96.00,-11.49%,0.02,0.05,0.07,0.02,0.00,unch,1,73,0.01,0.00%,02/23/21
HYG|20210618|77.00P,HYG,2021-06-18-m,P,77.00,-10.58%,0.49,0.53,0.58,0.81,0.22,+37.29%,75,551,0.14,17.59%,02/26/21
HYG|20210618|78.00P,HYG,2021-06-18-m,P,78.00,-9.42%,0.54,0.60,0.65,0.53,-0.12,-18.46%,4,19,596,0.00,16.57%,03/09/21
HYG|20210618|79.00P,HYG,2021-06-18-m,P,79.00,-8.26%,0.62,0.68,0.73,0.72,0.08,+12.50%,1,20,900,0.00,15.63%,03/04/21
HYG|20210618|80.00P,HYG,2021-06-18-m,P,80.00,-7.10%,0.73,0.77,0.82,0.78,0.00,unch,316,61,733,0.01,14.75%,03/09/21
HYG|20210618|81.00P,HYG,2021-06-18-m,P,81.00,-5.93%,0.80,0.88,0.96,0.86,-0.14,-14.00%,3,17,637,0.00,13.52%,03/09/21
HYG|20210618|82.00P,HYG,2021-06-18-m,P,82.00,-4.77%,0.98,1.04,1.10,0.99,-0.02,-1.98%,2,393,75,880,0.03,12.48%,03/09/21
HYG|20210618|83.00P,HYG,2021-06-18-m,P,83.00,-3.61%,1.15,1.24,1.33,1.11,-0.17,-13.28%,1,46,835,0.00,11.96%,03/09/21
HYG|20210618|84.00P,HYG,2021-06-18-m,P,84.00,-2.45%,1.35,1.47,1.59,1.49,-0.13,-8.02%,1,23,292,0.00,11.10%,03/09/21
HYG|20210618|85.00P,HYG,2021-06-18-m,P,85.00,-1.29%,1.65,1.76,1.87,1.83,-0.03,-1.61%,3,832,66,512,0.06,10.38%,03/09/21
HYG|20210618|86.00P,HYG,2021-06-18-m,P,86.00,-0.13%,2.15,2.25,2.34,2.14,-0.19,-8.15%,231,30,734,0.01,9.59%,03/09/21
HYG|20210618|87.00P,HYG,2021-06-18-m,P,87.00,+1.03%,2.54,2.75,2.96,2.55,-0.35,-12.07%,1,15,718,0.00,7.44%,03/09/21
HYG|20210618|88.00P,HYG,2021-06-18-m,P,88.00,+2.19%,3.20,3.43,3.65,3.47,0.02,+0.58%,1,280,0.00,8.56%,03/09/21
HYG|20210618|89.00P,HYG,2021-06-18-m,P,89.00,+3.36%,3.90,4.40,4.90,3.38,-0.37,-9.87%,2,421,0.00,9.53%,02/24/21
HYG|20210618|90.00P,HYG,2021-06-18-m,P,90.00,+4.52%,5.05,5.25,5.45,5.22,0.12,+2.35%,1,55,0.02,9.18%,03/09/21
HYG|20210618|91.00P,HYG,2021-06-18-m,P,91.00,+5.68%,5.80,6.32,6.85,5.88,0.84,+16.67%,2,19,0.11,11.56%,03/08/21
HYG|20210618|92.00P,HYG,2021-06-18-m,P,92.00,+6.84%,6.90,7.38,7.85,6.70,6.70,unch,37,36,1.03,13.33%,01/25/21
HYG|20210618|93.00P,HYG,2021-06-18-m,P,93.00,+8.00%,8.00,8.40,8.80,7.91,7.91,unch,1,1,1.00,14.83%,03/01/21
HYG|20210618|94.00P,HYG,2021-06-18-m,P,94.00,+9.16%,8.95,9.40,9.85,0.00,0.00,unch,0,0,0.00,16.03%,N/A
HYG|20210618|95.00P,HYG,2021-06-18-m,P,95.00,+10.32%,9.95,10.40,10.85,9.95,0.92,+10.19%,1,2,0.50,17.20%,03/08/21
HYG|20210917|77.00C,HYG,2021-09-17-m,C,77.00,+10.58%,8.65,9.25,9.85,9.05,9.05,unch,1,1,1.00,16.83%,11/18/20
HYG|20210917|78.00C,HYG,2021-09-17-m,C,78.00,+9.42%,7.80,8.33,8.85,9.65,0.71,+7.94%,2,9,0.22,16.19%,02/05/21
HYG|20210917|79.00C,HYG,2021-09-17-m,C,79.00,+8.26%,6.70,7.25,7.80,7.45,4.35,+140.32%,300,36,8.33,14.20%,11/30/20
HYG|20210917|80.00C,HYG,2021-09-17-m,C,80.00,+7.10%,5.85,6.35,6.85,7.35,0.15,+2.08%,20,20,1.00,13.64%,02/24/21
HYG|20210917|81.00C,HYG,2021-09-17-m,C,81.00,+5.93%,5.00,5.40,5.80,2.35,2.35,unch,0,6,0.00,12.57%,N/A
HYG|20210917|82.00C,HYG,2021-09-17-m,C,82.00,+4.77%,3.80,4.40,5.00,4.60,0.10,+2.22%,1,180,0.01,11.07%,12/03/20
HYG|20210917|83.00C,HYG,2021-09-17-m,C,83.00,+3.61%,3.25,3.70,4.15,2.34,-1.04,-30.77%,1,2,0.50,11.13%,09/24/20
HYG|20210917|84.00C,HYG,2021-09-17-m,C,84.00,+2.45%,2.40,2.80,3.20,3.40,-0.15,-4.23%,34,2,305,0.01,9.85%,03/02/21
HYG|20210917|85.00C,HYG,2021-09-17-m,C,85.00,+1.29%,1.81,2.02,2.22,2.81,-0.04,-1.40%,12,5,027,0.00,8.84%,02/18/21
HYG|20210917|86.00C,HYG,2021-09-17-m,C,86.00,+0.13%,1.15,1.27,1.38,1.75,0.30,+20.69%,65,5,042,0.01,7.61%,03/03/21
HYG|20210917|87.00C,HYG,2021-09-17-m,C,87.00,-1.03%,0.62,0.74,0.86,0.85,-0.05,-5.56%,4,11,935,0.00,7.39%,03/09/21
HYG|20210917|88.00C,HYG,2021-09-17-m,C,88.00,-2.19%,0.37,0.43,0.49,0.55,-0.06,-9.84%,10,7,963,0.00,6.54%,03/05/21
HYG|20210917|89.00C,HYG,2021-09-17-m,C,89.00,-3.36%,0.15,0.25,0.34,0.26,0.03,+13.04%,12,14,877,0.00,6.39%,03/05/21
HYG|20210917|90.00C,HYG,2021-09-17-m,C,90.00,-4.52%,0.01,0.08,0.15,0.18,-0.02,-10.00%,10,180,0.06,0.00%,02/22/21
HYG|20210917|91.00C,HYG,2021-09-17-m,C,91.00,-5.68%,0.01,0.10,0.18,0.07,0.01,+16.67%,445,459,0.97,0.00%,02/24/21
HYG|20210917|92.00C,HYG,2021-09-17-m,C,92.00,-6.84%,0.01,0.11,0.20,0.04,-0.04,-50.00%,888,1,541,0.58,0.00%,02/24/21
HYG|20210917|93.00C,HYG,2021-09-17-m,C,93.00,-8.00%,0.01,0.06,0.10,0.11,-0.19,-63.33%,22,24,0.92,0.00%,10/08/20
HYG|20210917|94.00C,HYG,2021-09-17-m,C,94.00,-9.16%,0.01,0.10,0.19,0.01,-0.04,-80.00%,1,1,1.00,0.00%,12/30/20
HYG|20210917|95.00C,HYG,2021-09-17-m,C,95.00,-10.32%,0.05,0.07,0.09,0.05,0.00,unch,3,8,0.38,0.00%,03/01/21
HYG|20210917|96.00C,HYG,2021-09-17-m,C,96.00,-11.49%,0.00,0.09,0.18,0.05,-0.33,-86.84%,1,3,0.33,0.00%,02/04/21
HYG|20210917|77.00P,HYG,2021-09-17-m,P,77.00,-10.58%,1.10,1.18,1.26,1.12,-0.05,-4.27%,7,2,550,0.00,15.51%,03/09/21
HYG|20210917|78.00P,HYG,2021-09-17-m,P,78.00,-9.42%,1.20,1.27,1.33,1.20,0.03,+2.56%,56,403,0.14,14.93%,02/22/21
HYG|20210917|79.00P,HYG,2021-09-17-m,P,79.00,-8.26%,1.32,1.43,1.53,1.38,-0.07,-4.83%,25,4,807,0.01,14.08%,03/09/21
HYG|20210917|80.00P,HYG,2021-09-17-m,P,80.00,-7.10%,1.47,1.59,1.70,1.57,-0.22,-12.29%,7,1,021,0.01,13.51%,03/09/21
HYG|20210917|81.00P,HYG,2021-09-17-m,P,81.00,-5.93%,1.67,1.80,1.93,1.70,-0.19,-10.05%,10,626,0.02,12.98%,03/08/21
HYG|20210917|82.00P,HYG,2021-09-17-m,P,82.00,-4.77%,1.90,2.05,2.19,1.90,-0.10,-5.00%,20,30,423,0.00,12.35%,03/08/21
HYG|20210917|83.00P,HYG,2021-09-17-m,P,83.00,-3.61%,2.14,2.31,2.48,2.30,0.21,+10.05%,6,2,774,0.00,11.64%,03/08/21
HYG|20210917|84.00P,HYG,2021-09-17-m,P,84.00,-2.45%,2.42,2.59,2.75,2.59,0.14,+5.71%,5,25,965,0.00,10.79%,03/09/21
HYG|20210917|85.00P,HYG,2021-09-17-m,P,85.00,-1.29%,2.81,3.03,3.25,2.97,0.27,+10.00%,102,5,834,0.02,10.36%,03/08/21
HYG|20210917|86.00P,HYG,2021-09-17-m,P,86.00,-0.13%,3.30,3.53,3.75,3.21,0.00,unch,1,3,530,0.00,9.89%,03/08/21
HYG|20210917|87.00P,HYG,2021-09-17-m,P,87.00,+1.03%,3.85,4.08,4.30,3.94,0.19,+5.07%,1,6,825,0.00,8.72%,03/09/21
HYG|20210917|88.00P,HYG,2021-09-17-m,P,88.00,+2.19%,4.50,4.88,5.25,4.50,0.25,+5.88%,1,4,0.25,7.70%,03/09/21
HYG|20210917|89.00P,HYG,2021-09-17-m,P,89.00,+3.36%,5.30,5.75,6.20,5.50,0.40,+7.84%,1,47,0.02,10.21%,03/08/21
HYG|20210917|90.00P,HYG,2021-09-17-m,P,90.00,+4.52%,6.20,6.63,7.05,6.40,0.75,+13.27%,23,10,121,0.00,9.16%,03/09/21
HYG|20210917|91.00P,HYG,2021-09-17-m,P,91.00,+5.68%,7.15,7.73,8.30,7.34,0.44,+6.38%,1,41,0.02,12.22%,03/08/21
HYG|20210917|92.00P,HYG,2021-09-17-m,P,92.00,+6.84%,8.10,8.68,9.25,7.90,-0.04,-0.50%,5,000,10,000,0.50,12.91%,02/01/21
HYG|20210917|93.00P,HYG,2021-09-17-m,P,93.00,+8.00%,9.10,9.60,10.10,0.00,0.00,unch,0,0,0.00,13.38%,N/A
HYG|20210917|94.00P,HYG,2021-09-17-m,P,94.00,+9.16%,10.10,10.58,11.05,0.00,0.00,unch,0,0,0.00,14.12%,N/A
HYG|20210917|95.00P,HYG,2021-09-17-m,P,95.00,+10.32%,11.10,11.60,12.10,0.00,0.00,unch,0,0,0.00,15.18%,N/A
HYG|20220121|77.00C,HYG,2022-01-21-m,C,77.00,+10.58%,8.55,9.13,9.70,9.05,1.39,+18.15%,3,2,1.50,13.82%,11/18/20
HYG|20220121|78.00C,HYG,2022-01-21-m,C,78.00,+9.42%,7.80,8.25,8.70,7.00,-0.09,-1.27%,2,4,0.50,13.99%,08/20/20
HYG|20220121|79.00C,HYG,2022-01-21-m,C,79.00,+8.26%,6.65,7.18,7.70,6.85,-0.15,-2.14%,8,3,2.67,12.17%,11/23/20
HYG|20220121|80.00C,HYG,2022-01-21-m,C,80.00,+7.10%,5.85,6.30,6.75,7.45,0.48,+6.89%,4,85,0.05,12.05%,12/28/20
HYG|20220121|81.00C,HYG,2022-01-21-m,C,81.00,+5.93%,4.90,5.35,5.80,4.85,0.05,+1.04%,4,11,0.36,11.10%,11/12/20
HYG|20220121|82.00C,HYG,2022-01-21-m,C,82.00,+4.77%,4.00,4.43,4.85,5.00,-0.45,-8.26%,4,63,0.06,10.20%,02/01/21
HYG|20220121|83.00C,HYG,2022-01-21-m,C,83.00,+3.61%,3.15,3.58,4.00,4.38,-0.20,-4.37%,1,298,0.00,9.53%,02/25/21
HYG|20220121|84.00C,HYG,2022-01-21-m,C,84.00,+2.45%,2.38,2.82,3.25,2.70,-0.94,-25.82%,1,1,163,0.00,8.98%,03/05/21
HYG|20220121|85.00C,HYG,2022-01-21-m,C,85.00,+1.29%,1.76,2.16,2.56,2.58,0.31,+13.66%,70,2,572,0.03,8.56%,03/08/21
HYG|20220121|86.00C,HYG,2022-01-21-m,C,86.00,+0.13%,1.50,1.60,1.70,1.55,-0.18,-10.40%,4,3,985,0.00,7.99%,03/09/21
HYG|20220121|87.00C,HYG,2022-01-21-m,C,87.00,-1.03%,0.87,1.05,1.22,1.30,-0.15,-10.34%,11,5,308,0.00,7.46%,03/05/21
HYG|20220121|88.00C,HYG,2022-01-21-m,C,88.00,-2.19%,0.58,0.69,0.79,1.17,0.29,+32.95%,10,7,151,0.00,7.10%,03/01/21
HYG|20220121|89.00C,HYG,2022-01-21-m,C,89.00,-3.36%,0.23,0.37,0.51,0.33,-0.33,-50.00%,32,1,708,0.02,6.26%,03/09/21
HYG|20220121|90.00C,HYG,2022-01-21-m,C,90.00,-4.52%,0.06,0.19,0.31,0.40,0.00,unch,201,9,717,0.02,6.03%,03/02/21
HYG|20220121|91.00C,HYG,2022-01-21-m,C,91.00,-5.68%,0.01,0.10,0.19,0.08,-0.24,-75.00%,6,64,0.09,5.62%,03/09/21
HYG|20220121|92.00C,HYG,2022-01-21-m,C,92.00,-6.84%,0.02,0.33,0.63,0.05,0.04,+400.00%,250,10,492,0.02,0.00%,03/08/21
HYG|20220121|93.00C,HYG,2022-01-21-m,C,93.00,-8.00%,0.01,0.31,0.61,0.10,0.00,unch,9,23,0.39,0.00%,02/08/21
HYG|20220121|94.00C,HYG,2022-01-21-m,C,94.00,-9.16%,0.01,0.31,0.60,0.16,-0.12,-42.86%,40,28,1.43,9.58%,03/01/21
HYG|20220121|95.00C,HYG,2022-01-21-m,C,95.00,-10.32%,0.01,0.30,0.59,0.10,0.03,+42.86%,25,46,0.54,10.16%,02/04/21
HYG|20220121|96.00C,HYG,2022-01-21-m,C,96.00,-11.49%,0.01,0.16,0.30,0.05,0.00,unch,10,26,0.38,0.00%,02/16/21
HYG|20220121|77.00P,HYG,2022-01-21-m,P,77.00,-10.58%,1.85,2.07,2.29,2.34,0.29,+14.15%,50,1,065,0.05,14.62%,03/05/21
HYG|20220121|78.00P,HYG,2022-01-21-m,P,78.00,-9.42%,1.95,2.25,2.54,2.12,-0.76,-26.39%,5,1,457,0.00,14.00%,03/04/21
HYG|20220121|79.00P,HYG,2022-01-21-m,P,79.00,-8.26%,2.31,2.56,2.81,2.40,-0.08,-3.23%,255,3,489,0.07,13.24%,03/09/21
HYG|20220121|80.00P,HYG,2022-01-21-m,P,80.00,-7.10%,2.50,2.75,2.99,2.70,0.05,+1.89%,1,500,4,541,0.33,12.91%,03/09/21
HYG|20220121|81.00P,HYG,2022-01-21-m,P,81.00,-5.93%,2.79,3.05,3.30,2.77,-0.33,-10.65%,54,12,015,0.00,12.61%,03/09/21
HYG|20220121|82.00P,HYG,2022-01-21-m,P,82.00,-4.77%,3.10,3.40,3.70,3.25,-0.25,-7.14%,500,1,361,0.37,11.73%,03/09/21
HYG|20220121|83.00P,HYG,2022-01-21-m,P,83.00,-3.61%,3.45,3.75,4.05,3.80,0.05,+1.33%,10,908,0.01,11.69%,03/04/21
HYG|20220121|84.00P,HYG,2022-01-21-m,P,84.00,-2.45%,3.80,4.10,4.40,3.65,-0.25,-6.41%,328,4,926,0.07,11.01%,03/02/21
HYG|20220121|85.00P,HYG,2022-01-21-m,P,85.00,-1.29%,4.20,4.60,5.00,4.75,0.35,+7.95%,1,2,529,0.00,10.67%,03/08/21
HYG|20220121|86.00P,HYG,2022-01-21-m,P,86.00,-0.13%,4.70,5.18,5.65,5.05,-0.25,-4.72%,79,2,853,0.03,9.98%,03/09/21
HYG|20220121|87.00P,HYG,2022-01-21-m,P,87.00,+1.03%,5.30,5.78,6.25,5.65,0.25,+4.63%,2,1,171,0.00,9.61%,03/09/21
HYG|20220121|88.00P,HYG,2022-01-21-m,P,88.00,+2.19%,5.95,6.40,6.85,6.45,0.45,+7.50%,10,137,0.07,9.82%,03/09/21
HYG|20220121|89.00P,HYG,2022-01-21-m,P,89.00,+3.36%,6.85,7.20,7.55,7.11,-0.08,-1.11%,1,191,0.01,9.27%,03/09/21
HYG|20220121|90.00P,HYG,2022-01-21-m,P,90.00,+4.52%,7.75,8.35,8.95,7.94,-0.06,-0.75%,2,478,0.00,9.28%,03/09/21
HYG|20220121|91.00P,HYG,2022-01-21-m,P,91.00,+5.68%,8.60,9.23,9.85,8.30,0.30,+3.75%,11,116,0.09,11.43%,02/22/21
HYG|20220121|92.00P,HYG,2022-01-21-m,P,92.00,+6.84%,9.35,10.18,11.00,9.00,0.05,+0.56%,1,7,0.14,11.97%,02/22/21
HYG|20220121|93.00P,HYG,2022-01-21-m,P,93.00,+8.00%,10.35,11.18,12.00,11.70,1.92,+19.63%,1,5,0.20,12.72%,03/03/21
HYG|20220121|94.00P,HYG,2022-01-21-m,P,94.00,+9.16%,11.35,12.18,13.00,0.00,0.00,unch,0,0,0.00,13.45%,N/A
HYG|20220121|95.00P,HYG,2022-01-21-m,P,95.00,+10.32%,12.35,13.15,13.95,12.60,-9.80,-43.75%,55,56,0.98,14.03%,12/18/20
HYG|20220617|65.00C,HYG,2022-06-17-m,C,65.00,+24.52%,20.25,21.20,22.15,19.41,-0.30,-1.52%,2,2,1.00,25.28%,09/17/20
HYG|20220617|70.00C,HYG,2022-06-17-m,C,70.00,+18.71%,15.25,16.20,17.15,14.14,0.35,+2.54%,1,1,1.00,20.45%,11/03/20
HYG|20220617|75.00C,HYG,2022-06-17-m,C,75.00,+12.90%,10.25,11.20,12.15,11.45,0.45,+4.09%,50,20,2.50,15.65%,11/30/20
HYG|20220617|80.00C,HYG,2022-06-17-m,C,80.00,+7.10%,5.35,6.25,7.15,7.05,-0.15,-2.08%,1,1,1.00,10.98%,01/12/21
HYG|20220617|81.00C,HYG,2022-06-17-m,C,81.00,+5.93%,4.50,5.38,6.25,5.00,5.00,unch,9,9,1.00,10.63%,11/05/20
HYG|20220617|82.00C,HYG,2022-06-17-m,C,82.00,+4.77%,3.65,4.50,5.35,4.50,0.05,+1.12%,10,1,233,0.01,9.95%,12/02/20
HYG|20220617|83.00C,HYG,2022-06-17-m,C,83.00,+3.61%,2.95,3.75,4.55,4.02,-0.70,-14.83%,8,3,2.67,9.65%,01/29/21
HYG|20220617|84.00C,HYG,2022-06-17-m,C,84.00,+2.45%,2.08,2.94,3.80,3.70,-0.10,-2.63%,92,379,0.24,8.93%,02/23/21
HYG|20220617|85.00C,HYG,2022-06-17-m,C,85.00,+1.29%,1.50,2.25,3.00,3.10,0.29,+10.32%,42,876,0.05,8.34%,02/24/21
HYG|20220617|86.00C,HYG,2022-06-17-m,C,86.00,+0.13%,1.47,1.73,1.98,2.18,-0.13,-5.63%,2,168,0.01,8.09%,02/24/21
HYG|20220617|87.00C,HYG,2022-06-17-m,C,87.00,-1.03%,1.08,1.31,1.53,1.67,-0.16,-8.74%,2,42,0.05,7.88%,03/04/21
HYG|20220617|88.00C,HYG,2022-06-17-m,C,88.00,-2.19%,0.72,0.89,1.05,1.55,0.45,+40.91%,1,18,0.06,7.40%,02/16/21
HYG|20220617|89.00C,HYG,2022-06-17-m,C,89.00,-3.36%,0.45,0.61,0.77,0.96,0.96,unch,1,1,1.00,7.16%,12/08/20
HYG|20220617|90.00C,HYG,2022-06-17-m,C,90.00,-4.52%,0.19,0.38,0.56,0.68,-0.29,-29.90%,1,84,0.01,6.77%,02/02/21
HYG|20220617|91.00C,HYG,2022-06-17-m,C,91.00,-5.68%,0.09,0.26,0.42,0.46,0.46,unch,11,11,1.00,6.69%,02/16/21
HYG|20220617|92.00C,HYG,2022-06-17-m,C,92.00,-6.84%,0.03,0.17,0.31,0.40,0.13,+48.15%,3,4,0.75,6.62%,02/17/21
HYG|20220617|93.00C,HYG,2022-06-17-m,C,93.00,-8.00%,0.01,0.51,1.01,0.29,0.29,unch,2,2,1.00,9.30%,03/03/21
HYG|20220617|94.00C,HYG,2022-06-17-m,C,94.00,-9.16%,0.04,0.52,1.00,0.00,0.00,unch,0,0,0.00,0.00%,N/A
HYG|20220617|95.00C,HYG,2022-06-17-m,C,95.00,-10.32%,0.02,0.51,1.00,0.38,-0.07,-15.56%,10,1,10.00,0.00%,07/13/20
HYG|20220617|96.00C,HYG,2022-06-17-m,C,96.00,-11.49%,0.01,0.51,1.00,0.00,0.00,unch,0,0,0.00,0.00%,N/A
HYG|20220617|65.00P,HYG,2022-06-17-m,P,65.00,-24.52%,1.29,1.56,1.83,1.20,0.25,+26.32%,15,97,0.15,20.84%,02/11/21
HYG|20220617|70.00P,HYG,2022-06-17-m,P,70.00,-18.71%,1.66,1.98,2.31,1.86,0.16,+9.41%,1,32,0.03,17.71%,02/25/21
HYG|20220617|75.00P,HYG,2022-06-17-m,P,75.00,-12.90%,2.55,2.80,3.05,2.80,-0.12,-4.11%,40,1,068,0.04,15.25%,03/05/21
HYG|20220617|80.00P,HYG,2022-06-17-m,P,80.00,-7.10%,3.65,4.18,4.70,3.90,0.20,+5.41%,15,983,0.02,13.16%,03/04/21
HYG|20220617|81.00P,HYG,2022-06-17-m,P,81.00,-5.93%,4.05,4.50,4.95,4.50,0.00,unch,20,55,0.36,12.66%,01/13/21
HYG|20220617|82.00P,HYG,2022-06-17-m,P,82.00,-4.77%,4.30,4.90,5.50,4.70,0.25,+5.62%,1,2,346,0.00,12.28%,03/01/21
HYG|20220617|83.00P,HYG,2022-06-17-m,P,83.00,-3.61%,4.75,5.43,6.10,5.40,-1.64,-23.30%,1,469,0.00,12.16%,12/02/20
HYG|20220617|84.00P,HYG,2022-06-17-m,P,84.00,-2.45%,5.20,5.78,6.35,5.05,-0.35,-6.48%,2,174,0.01,11.44%,02/18/21
HYG|20220617|85.00P,HYG,2022-06-17-m,P,85.00,-1.29%,5.60,6.35,7.10,5.45,0.12,+2.25%,30,265,0.11,11.24%,02/18/21
HYG|20220617|86.00P,HYG,2022-06-17-m,P,86.00,-0.13%,6.20,6.90,7.60,6.50,0.50,+8.33%,1,420,0.00,10.86%,03/08/21
HYG|20220617|87.00P,HYG,2022-06-17-m,P,87.00,+1.03%,6.90,7.53,8.15,7.45,-0.10,-1.32%,4,62,0.06,10.58%,03/08/21
HYG|20220617|88.00P,HYG,2022-06-17-m,P,88.00,+2.19%,7.70,8.45,9.20,0.00,0.00,unch,0,0,0.00,11.14%,N/A
HYG|20220617|89.00P,HYG,2022-06-17-m,P,89.00,+3.36%,8.45,9.25,10.05,8.33,0.20,+2.46%,2,23,0.09,11.24%,02/24/21
HYG|20220617|90.00P,HYG,2022-06-17-m,P,90.00,+4.52%,9.30,10.08,10.85,9.20,0.05,+0.55%,20,199,0.10,11.34%,02/26/21
HYG|20220617|91.00P,HYG,2022-06-17-m,P,91.00,+5.68%,10.15,11.13,12.10,0.00,0.00,unch,0,0,0.00,12.21%,N/A
HYG|20220617|92.00P,HYG,2022-06-17-m,P,92.00,+6.84%,11.05,12.03,13.00,0.00,0.00,unch,0,0,0.00,12.51%,N/A
HYG|20220617|93.00P,HYG,2022-06-17-m,P,93.00,+8.00%,11.95,12.95,13.95,0.00,0.00,unch,0,0,0.00,12.86%,N/A
HYG|20220617|94.00P,HYG,2022-06-17-m,P,94.00,+9.16%,12.90,13.93,14.95,0.00,0.00,unch,0,0,0.00,13.37%,N/A
HYG|20220617|95.00P,HYG,2022-06-17-m,P,95.00,+10.32%,13.90,14.90,15.90,18.10,-0.10,-0.55%,2,1,2.00,13.87%,09/10/20
HYG|20230120|77.00C,HYG,2023-01-20-m,C,77.00,+10.58%,7.50,9.10,10.70,9.35,9.35,unch,1,1,1.00,18.62%,12/08/20
HYG|20230120|78.00C,HYG,2023-01-20-m,C,78.00,+9.42%,6.55,8.13,9.70,8.60,0.30,+3.61%,1,1,1.00,11.67%,01/29/21
HYG|20230120|79.00C,HYG,2023-01-20-m,C,79.00,+8.26%,5.60,7.18,8.75,0.00,0.00,unch,0,0,0.00,11.04%,N/A
HYG|20230120|80.00C,HYG,2023-01-20-m,C,80.00,+7.10%,4.65,6.25,7.85,6.70,0.99,+17.34%,5,2,2.50,10.48%,12/10/20
HYG|20230120|81.00C,HYG,2023-01-20-m,C,81.00,+5.93%,3.95,5.45,6.95,5.65,0.74,+15.07%,1,1,1.00,10.43%,01/05/21
HYG|20230120|82.00C,HYG,2023-01-20-m,C,82.00,+4.77%,3.80,4.98,6.15,4.95,-0.65,-11.61%,1,7,0.14,11.06%,02/26/21
HYG|20230120|83.00C,HYG,2023-01-20-m,C,83.00,+3.61%,3.00,4.10,5.20,4.75,-0.05,-1.04%,22,74,0.30,10.26%,02/16/21
HYG|20230120|84.00C,HYG,2023-01-20-m,C,84.00,+2.45%,2.35,3.30,4.25,4.05,0.15,+3.85%,16,28,0.57,9.57%,02/08/21
HYG|20230120|85.00C,HYG,2023-01-20-m,C,85.00,+1.29%,1.25,2.23,3.20,2.93,-0.07,-2.33%,2,63,0.03,7.95%,02/23/21
HYG|20230120|86.00C,HYG,2023-01-20-m,C,86.00,+0.13%,1.09,2.03,2.96,2.31,0.43,+22.87%,10,138,0.07,8.52%,03/04/21
HYG|20230120|87.00C,HYG,2023-01-20-m,C,87.00,-1.03%,0.53,1.20,1.86,1.45,-0.35,-19.44%,16,55,0.29,7.17%,03/08/21
HYG|20230120|88.00C,HYG,2023-01-20-m,C,88.00,-2.19%,0.64,1.08,1.51,1.60,-0.03,-1.84%,40,41,0.98,7.63%,02/25/21
HYG|20230120|89.00C,HYG,2023-01-20-m,C,89.00,-3.36%,0.45,0.83,1.21,1.60,0.58,+56.86%,1,15,0.07,7.57%,02/25/21
HYG|20230120|90.00C,HYG,2023-01-20-m,C,90.00,-4.52%,0.37,0.67,0.97,0.96,0.08,+9.09%,1,16,0.06,7.63%,02/17/21
HYG|20230120|91.00C,HYG,2023-01-20-m,C,91.00,-5.68%,0.26,0.50,0.74,0.65,0.65,unch,1,1,1.00,7.52%,02/22/21
HYG|20230120|92.00C,HYG,2023-01-20-m,C,92.00,-6.84%,0.09,0.32,0.55,0.51,0.51,unch,2,2,1.00,7.16%,01/29/21
HYG|20230120|93.00C,HYG,2023-01-20-m,C,93.00,-8.00%,0.05,0.25,0.45,0.39,0.07,+21.88%,2,24,0.08,7.21%,02/12/21
HYG|20230120|94.00C,HYG,2023-01-20-m,C,94.00,-9.16%,0.05,0.21,0.37,0.00,0.00,unch,0,0,0.00,7.36%,N/A
HYG|20230120|95.00C,HYG,2023-01-20-m,C,95.00,-10.32%,0.03,0.19,0.35,0.29,0.29,unch,1,1,1.00,7.61%,02/24/21
HYG|20230120|96.00C,HYG,2023-01-20-m,C,96.00,-11.49%,0.01,0.51,1.00,0.00,0.00,unch,0,0,0.00,9.94%,N/A
HYG|20230120|77.00P,HYG,2023-01-20-m,P,77.00,-10.58%,4.05,4.82,5.60,4.60,0.10,+2.22%,2,12,0.17,13.63%,03/02/21
HYG|20230120|78.00P,HYG,2023-01-20-m,P,78.00,-9.42%,4.50,4.80,5.10,5.00,0.25,+5.26%,2,1,240,0.00,12.40%,03/08/21
HYG|20230120|79.00P,HYG,2023-01-20-m,P,79.00,-8.26%,4.75,5.63,6.50,5.00,0.00,unch,1,1,816,0.00,13.12%,02/24/21
HYG|20230120|80.00P,HYG,2023-01-20-m,P,80.00,-7.10%,4.95,5.98,7.00,5.63,-0.37,-6.17%,10,117,0.09,12.66%,03/08/21
HYG|20230120|81.00P,HYG,2023-01-20-m,P,81.00,-5.93%,5.00,6.18,7.35,5.95,5.95,unch,1,1,1.00,11.78%,01/05/21
HYG|20230120|82.00P,HYG,2023-01-20-m,P,82.00,-4.77%,5.95,7.15,8.35,6.50,0.59,+9.98%,1,41,0.02,12.65%,12/23/20
HYG|20230120|83.00P,HYG,2023-01-20-m,P,83.00,-3.61%,6.40,7.68,8.95,6.90,0.16,+2.37%,9,187,0.05,12.40%,02/19/21
HYG|20230120|84.00P,HYG,2023-01-20-m,P,84.00,-2.45%,6.95,8.13,9.30,8.34,0.91,+12.25%,100,522,0.19,11.89%,03/03/21
HYG|20230120|85.00P,HYG,2023-01-20-m,P,85.00,-1.29%,7.60,8.85,10.10,7.40,-1.10,-12.94%,22,47,0.47,11.99%,02/16/21
HYG|20230120|86.00P,HYG,2023-01-20-m,P,86.00,-0.13%,8.25,9.43,10.60,10.00,1.70,+20.48%,1,683,0.00,11.64%,03/05/21
HYG|20230120|87.00P,HYG,2023-01-20-m,P,87.00,+1.03%,8.75,10.05,11.35,9.70,0.65,+7.18%,1,900,0.00,11.33%,03/03/21
HYG|20230120|88.00P,HYG,2023-01-20-m,P,88.00,+2.19%,9.45,10.83,12.20,9.70,-0.18,-1.82%,2,4,0.50,11.35%,02/18/21
HYG|20230120|89.00P,HYG,2023-01-20-m,P,89.00,+3.36%,10.40,11.68,12.95,0.00,0.00,unch,0,0,0.00,11.52%,N/A
HYG|20230120|90.00P,HYG,2023-01-20-m,P,90.00,+4.52%,11.00,12.43,13.85,11.50,-0.55,-4.56%,2,101,0.02,11.35%,02/03/21
HYG|20230120|91.00P,HYG,2023-01-20-m,P,91.00,+5.68%,11.90,13.30,14.70,13.02,0.35,+2.76%,1,127,0.01,10.56%,03/09/21
HYG|20230120|92.00P,HYG,2023-01-20-m,P,92.00,+6.84%,12.40,14.03,15.65,13.20,13.20,unch,2,0,0.00,11.09%,12/29/20
HYG|20230120|93.00P,HYG,2023-01-20-m,P,93.00,+8.00%,13.30,14.93,16.55,18.80,18.80,unch,2,1,2.00,11.22%,10/27/20
HYG|20230120|94.00P,HYG,2023-01-20-m,P,94.00,+9.16%,14.70,16.08,17.45,15.78,0.40,+2.60%,1,127,0.01,11.13%,03/09/21
HYG|20230120|95.00P,HYG,2023-01-20-m,P,95.00,+10.32%,15.20,16.80,18.40,21.40,21.40,unch,2,0,0.00,11.67%,09/14/20
